1000.png,640,50
1001.png,10,6400
1002.png,200,250
1003.png,2,160
1004.png,2000,64
1005.png,400,320
1006.png,4,100
1007.png,1600,5000
1008.png,30,500
1009.png,20,1250
100.png,4000,80
1010.png,5,800
1011.png,1250,125
1012.png,40,2500
1013.png,1,200
1014.png,1000,1000
1015.png,100,3200
1016.png,6,5000
1017.png,320,640
1018.png,13,400
1019.png,160,4000
101.png,50,1600
1020.png,25,6400
1021.png,800,250
1022.png,3,160
1023.png,125,64
1024.png,8,320
1025.png,250,100
1026.png,80,5000
1027.png,15,500
1028.png,500,1250
1029.png,60,80
102.png,3200,800
1030.png,1250,125
1031.png,40,2500
1032.png,1,200
1033.png,1000,1000
1034.png,100,3200
1035.png,6,80
1036.png,320,800
1037.png,13,125
1038.png,25,2500
1039.png,800,200
103.png,3,1000
1040.png,125,3200
1041.png,8,5000
1042.png,250,640
1043.png,80,400
1044.png,200,4000
1045.png,2,1600
1046.png,2000,6400
1047.png,400,250
1048.png,4,160
1049.png,1600,80
104.png,30,800
1050.png,1250,125
1051.png,40,2500
1052.png,1,200
1053.png,1000,1000
1054.png,100,3200
1055.png,6,80
1056.png,320,800
1057.png,13,125
1058.png,40,2500
1059.png,1,400
105.png,1000,4000
1060.png,100,1600
1061.png,6,6400
1062.png,320,250
1063.png,13,160
1064.png,25,80
1065.png,800,800
1066.png,3,125
1067.png,125,2500
1068.png,8,200
1069.png,400,3200
106.png,4,80
1070.png,1600,800
1071.png,30,125
1072.png,20,2500
1073.png,4000,400
1074.png,5,4000
1075.png,1250,1600
1076.png,40,6400
1077.png,1,80
1078.png,1000,800
1079.png,100,125
107.png,6,2500
1080.png,320,200
1081.png,13,3200
1082.png,40,80
1083.png,1,800
1084.png,1000,125
1085.png,100,2500
1086.png,6,125
1087.png,320,2500
1088.png,13,400
1089.png,25,4000
108.png,800,1600
1090.png,3,6400
1091.png,125,80
1092.png,400,800
1093.png,4,125
1094.png,1600,2500
1095.png,30,200
1096.png,1250,3200
1097.png,40,80
1098.png,1,800
1099.png,13,125
109.png,160,2500
10.png,50,125
1100.png,25,2500
1101.png,800,400
1102.png,3,4000
1103.png,125,1600
1104.png,8,400
1105.png,250,4000
1106.png,80,1600
1107.png,15,6400
1108.png,500,80
1109.png,60,800
110.png,800,125
1110.png,3,2500
1111.png,125,200
1112.png,400,3200
1113.png,4,80
1114.png,1600,2500
1115.png,30,125
1116.png,1250,2500
1117.png,40,400
1118.png,1,4000
1119.png,13,1600
111.png,160,400
1120.png,50,4000
1121.png,25,1600
1122.png,800,6400
1123.png,3,80
1124.png,125,6400
1125.png,8,80
1126.png,250,800
1127.png,80,125
1128.png,40,2500
1129.png,1,200
112.png,1000,3200
1130.png,100,80
1131.png,6,2500
1132.png,320,125
1133.png,13,2500
1134.png,160,400
1135.png,50,4000
1136.png,25,400
1137.png,800,4000
1138.png,3,1600
1139.png,125,400
113.png,8,4000
1140.png,250,1600
1141.png,80,6400
1142.png,25,80
1143.png,800,6400
1144.png,3,80
1145.png,125,800
1146.png,400,125
1147.png,4,2500
1148.png,1600,200
1149.png,30,3200
114.png,1250,125
1150.png,40,2500
1151.png,1,200
1152.png,13,3200
1153.png,160,80
1154.png,50,2500
1155.png,25,125
1156.png,800,2500
1157.png,3,400
1158.png,125,4000
1159.png,8,400
115.png,250,4000
1160.png,80,1600
1161.png,15,400
1162.png,500,4000
1163.png,60,1600
1164.png,13,6400
1165.png,40,80
1166.png,1,6400
1167.png,1000,80
1168.png,100,800
1169.png,6,125
116.png,320,2500
1170.png,13,200
1171.png,25,3200
1172.png,800,125
1173.png,3,2500
1174.png,125,200
1175.png,8,3200
1176.png,400,80
1177.png,4,2500
1178.png,1600,125
1179.png,30,2500
117.png,20,400
1180.png,4000,400
1181.png,25,4000
1182.png,800,1600
1183.png,3,400
1184.png,125,4000
1185.png,400,1600
1186.png,4,6400
1187.png,1600,80
1188.png,30,6400
1189.png,1250,80
118.png,40,800
1190.png,1,125
1191.png,13,2500
1192.png,160,200
1193.png,50,3200
1194.png,25,125
1195.png,80,2500
1196.png,25,3200
1197.png,800,80
1198.png,3,2500
1199.png,125,125
119.png,400,2500
11.png,4,400
1200.png,1600,400
1201.png,30,4000
1202.png,1250,1600
1203.png,40,400
1204.png,1,4000
1205.png,13,1600
1206.png,160,6400
1207.png,50,80
1208.png,25,125
1209.png,800,2500
120.png,3,200
1210.png,125,3200
1211.png,640,125
1212.png,10,2500
1213.png,200,3200
1214.png,2,80
1215.png,2000,2500
1216.png,400,125
1217.png,4,2500
1218.png,1600,400
1219.png,30,400
121.png,20,4000
1220.png,4000,100
1221.png,5,5000
1222.png,1250,500
1223.png,40,1250
1224.png,1,80
1225.png,1000,800
1226.png,100,125
1227.png,6,2500
1228.png,320,200
1229.png,13,1000
122.png,160,3200
1230.png,50,5000
1231.png,25,640
1232.png,800,400
1233.png,3,4000
1234.png,125,1600
1235.png,8,6400
1236.png,250,250
1237.png,80,160
1238.png,15,64
1239.png,500,320
123.png,60,100
1240.png,3200,5000
1241.png,1250,500
1242.png,40,1250
1243.png,1,80
1244.png,1000,800
1245.png,100,125
1246.png,6,2500
1247.png,320,200
1248.png,13,1000
1249.png,25,3200
124.png,800,80
1250.png,3,800
1251.png,125,125
1252.png,8,2500
1253.png,250,200
1254.png,80,1000
1255.png,200,3200
1256.png,2,5000
1257.png,2000,640
1258.png,400,400
1259.png,4,4000
125.png,1600,1600
1260.png,30,6400
1261.png,1250,250
1262.png,40,160
1263.png,1,80
1264.png,1000,800
1265.png,100,125
1266.png,6,2500
1267.png,320,200
1268.png,13,1000
1269.png,40,3200
126.png,1,80
1270.png,1000,800
1271.png,100,125
1272.png,6,2500
1273.png,320,400
1274.png,13,4000
1275.png,25,1600
1276.png,800,6400
1277.png,3,250
1278.png,125,160
1279.png,8,80
127.png,400,800
1280.png,4,125
1281.png,1600,2500
1282.png,30,200
1283.png,20,3200
1284.png,4000,80
1285.png,5,800
1286.png,1250,125
1287.png,40,2500
1288.png,1,400
1289.png,1000,4000
128.png,100,1600
1290.png,6,6400
1291.png,320,80
1292.png,13,800
1293.png,40,125
1294.png,1,2500
1295.png,1000,200
1296.png,100,3200
1297.png,6,80
1298.png,320,800
1299.png,13,125
129.png,25,2500
12.png,800,125
1300.png,3,2500
1301.png,125,400
1302.png,400,4000
1303.png,4,1600
1304.png,1600,6400
1305.png,30,80
1306.png,1250,800
1307.png,40,125
1308.png,1,2500
1309.png,13,200
130.png,160,3200
1310.png,50,80
1311.png,25,800
1312.png,800,125
1313.png,3,2500
1314.png,125,125
1315.png,8,2500
1316.png,250,400
1317.png,80,4000
1318.png,15,1600
1319.png,500,400
131.png,60,4000
1320.png,800,1600
1321.png,3,6400
1322.png,125,80
1323.png,400,800
1324.png,4,125
1325.png,1600,2500
1326.png,30,200
1327.png,1250,3200
1328.png,40,80
1329.png,1,2500
132.png,13,125
1330.png,160,2500
1331.png,50,400
1332.png,25,4000
1333.png,800,1600
1334.png,3,400
1335.png,125,4000
1336.png,8,1600
1337.png,250,6400
1338.png,80,80
1339.png,40,6400
133.png,1,80
1340.png,1000,800
1341.png,100,125
1342.png,6,2500
1343.png,320,200
1344.png,13,3200
1345.png,160,80
1346.png,50,2500
1347.png,25,125
1348.png,800,2500
1349.png,3,400
134.png,125,4000
1350.png,8,400
1351.png,250,4000
1352.png,80,1600
1353.png,25,400
1354.png,800,4000
1355.png,3,1600
1356.png,125,6400
1357.png,400,80
1358.png,4,6400
1359.png,1600,80
135.png,30,800
1360.png,1250,125
1361.png,40,2500
1362.png,1,200
1363.png,13,3200
1364.png,160,125
1365.png,50,2500
1366.png,25,200
1367.png,800,3200
1368.png,3,80
1369.png,125,2500
136.png,8,125
1370.png,250,2500
1371.png,80,400
1372.png,15,4000
1373.png,500,400
1374.png,60,4000
1375.png,13,1600
1376.png,40,400
1377.png,1,4000
1378.png,1000,1600
1379.png,100,6400
137.png,6,80
1380.png,320,6400
1381.png,13,80
1382.png,25,800
1383.png,800,125
1384.png,3,2500
1385.png,125,200
1386.png,8,3200
1387.png,400,125
1388.png,4,2500
1389.png,1600,200
138.png,30,3200
1390.png,20,80
1391.png,4000,2500
1392.png,25,125
1393.png,800,2500
1394.png,3,400
1395.png,125,400
1396.png,400,4000
1397.png,4,1600
1398.png,1600,400
1399.png,30,4000
139.png,1250,1600
13.png,40,6400
1400.png,1,80
1401.png,13,6400
1402.png,160,80
1403.png,50,800
1404.png,25,125
1405.png,80,2500
1406.png,25,200
1407.png,800,3200
1408.png,3,125
1409.png,125,2500
140.png,400,3200
1410.png,4,80
1411.png,1600,2500
1412.png,30,125
1413.png,1250,2500
1414.png,40,400
1415.png,1,400
1416.png,13,4000
1417.png,160,1600
1418.png,50,400
1419.png,25,4000
141.png,800,1600
1420.png,3,6400
1421.png,125,80
1422.png,800,125
1423.png,3,2500
1424.png,125,200
1425.png,8,3200
1426.png,400,125
1427.png,4,2500
1428.png,1600,3200
1429.png,30,80
142.png,20,2500
1430.png,4000,2500
1431.png,5,3200
1432.png,1250,80
1433.png,40,2500
1434.png,60,125
1435.png,13,2500
1436.png,40,400
1437.png,1,400
1438.png,1000,4000
1439.png,100,1600
143.png,6,400
1440.png,320,4000
1441.png,13,1600
1442.png,25,6400
1443.png,800,80
1444.png,3,125
1445.png,125,2500
1446.png,8,200
1447.png,400,3200
1448.png,4,125
1449.png,1600,125
144.png,30,2500
1450.png,20,3200
1451.png,4000,80
1452.png,30,2500
1453.png,1250,2500
1454.png,40,3200
1455.png,1,80
1456.png,13,2500
1457.png,160,125
1458.png,50,2500
1459.png,25,400
145.png,80,80
1460.png,25,125
1461.png,800,2500
1462.png,3,200
1463.png,125,3200
1464.png,400,125
1465.png,4,125
1466.png,1600,2500
1467.png,30,3200
1468.png,1250,80
1469.png,40,2500
146.png,1,2500
1470.png,13,200
1471.png,160,3200
1472.png,50,80
1473.png,25,2500
1474.png,800,125
1475.png,3,2500
1476.png,125,400
1477.png,800,400
1478.png,3,4000
1479.png,125,1600
147.png,8,400
1480.png,400,4000
1481.png,4,1600
1482.png,1600,6400
1483.png,30,80
1484.png,20,6400
1485.png,4000,80
1486.png,5,800
1487.png,1250,125
1488.png,40,2500
1489.png,60,200
148.png,13,3200
1490.png,40,125
1491.png,1,2500
1492.png,1000,3200
1493.png,100,80
1494.png,6,2500
1495.png,320,2500
1496.png,13,200
1497.png,25,3200
1498.png,800,80
1499.png,3,2500
149.png,125,125
14.png,8,2500
1500.png,400,400
1501.png,4,400
1502.png,1600,80
1503.png,30,6400
1504.png,20,80
1505.png,4000,800
1506.png,30,125
1507.png,1250,2500
1508.png,40,200
1509.png,1,3200
150.png,13,125
1510.png,160,2500
1511.png,50,3200
1512.png,25,80
1513.png,80,2500
1514.png,25,2500
1515.png,800,2500
1516.png,3,3200
1517.png,125,80
1518.png,400,2500
1519.png,4,2500
151.png,250,3200
1520.png,80,80
1521.png,40,2500
1522.png,1,125
1523.png,1000,2500
1524.png,100,400
1525.png,6,400
1526.png,320,4000
1527.png,13,1600
1528.png,160,400
1529.png,50,4000
152.png,25,1600
1530.png,800,6400
1531.png,3,80
1532.png,125,125
1533.png,8,2500
1534.png,250,200
1535.png,80,100
1536.png,25,5000
1537.png,800,500
1538.png,3,1250
1539.png,125,80
153.png,400,800
1540.png,4,125
1541.png,1600,2500
1542.png,30,200
1543.png,1250,1000
1544.png,40,3200
1545.png,1,5000
1546.png,13,640
1547.png,160,400
1548.png,50,4000
1549.png,25,1600
154.png,800,6400
1550.png,3,250
1551.png,125,160
1552.png,8,64
1553.png,250,320
1554.png,80,100
1555.png,15,5000
1556.png,500,500
1557.png,60,1250
1558.png,13,80
1559.png,40,800
155.png,1,125
1560.png,1000,2500
1561.png,100,200
1562.png,6,1000
1563.png,320,3200
1564.png,13,80
1565.png,25,800
1566.png,800,125
1567.png,3,2500
1568.png,125,200
1569.png,8,1000
156.png,400,3200
1570.png,4,5000
1571.png,1600,640
1572.png,30,400
1573.png,20,4000
1574.png,4000,1600
1575.png,25,6400
1576.png,800,250
1577.png,3,160
1578.png,125,80
1579.png,400,800
157.png,1,125
1580.png,1000,2500
1581.png,100,200
1582.png,6,1000
1583.png,320,3200
1584.png,13,80
1585.png,25,800
1586.png,800,125
1587.png,3,2500
1588.png,125,400
1589.png,8,4000
158.png,400,1600
1590.png,4,6400
1591.png,1600,250
1592.png,30,160
1593.png,20,80
1594.png,4000,800
1595.png,25,125
1596.png,800,2500
1597.png,3,200
1598.png,125,3200
1599.png,400,80
159.png,4,800
15.png,1600,125
1600.png,30,2500
1601.png,1250,400
1602.png,40,4000
1603.png,1,1600
1604.png,13,6400
1605.png,160,80
1606.png,50,800
1607.png,25,125
1608.png,80,2500
1609.png,25,200
160.png,800,3200
1610.png,3,80
1611.png,125,800
1612.png,400,125
1613.png,4,2500
1614.png,1600,125
1615.png,30,2500
1616.png,1250,400
1617.png,40,4000
1618.png,1,1600
1619.png,13,6400
161.png,160,80
1620.png,50,800
1621.png,25,125
1622.png,800,2500
1623.png,3,200
1624.png,125,3200
1625.png,640,80
1626.png,10,800
1627.png,200,125
1628.png,2,2500
1629.png,2000,125
162.png,400,2500
1630.png,4,400
1631.png,1600,4000
1632.png,30,1600
1633.png,20,400
1634.png,4000,4000
1635.png,5,1600
1636.png,1250,6400
1637.png,40,80
1638.png,1,800
1639.png,1000,125
163.png,100,2500
1640.png,6,200
1641.png,320,3200
1642.png,13,80
1643.png,160,2500
1644.png,50,125
1645.png,25,2500
1646.png,800,400
1647.png,3,4000
1648.png,125,1600
1649.png,8,400
164.png,250,4000
1650.png,80,1600
1651.png,15,6400
1652.png,500,80
1653.png,60,6400
1654.png,3200,80
1655.png,1250,800
1656.png,40,125
1657.png,1,2500
1658.png,1000,200
1659.png,100,3200
165.png,6,80
1660.png,320,2500
1661.png,13,125
1662.png,25,2500
1663.png,800,400
1664.png,3,4000
1665.png,125,400
1666.png,8,4000
1667.png,250,1600
1668.png,80,400
1669.png,200,4000
166.png,2,1600
1670.png,2000,6400
1671.png,400,80
1672.png,4,6400
1673.png,1600,80
1674.png,30,800
1675.png,1250,125
1676.png,40,2500
1677.png,1,200
1678.png,1000,3200
1679.png,100,125
167.png,6,2500
1680.png,320,200
1681.png,13,3200
1682.png,40,80
1683.png,1,2500
1684.png,1000,125
1685.png,100,2500
1686.png,6,400
1687.png,320,4000
1688.png,13,400
1689.png,25,4000
168.png,800,1600
1690.png,3,400
1691.png,125,4000
1692.png,8,1600
1693.png,400,6400
1694.png,4,80
1695.png,1600,6400
1696.png,30,80
1697.png,20,800
1698.png,4000,125
1699.png,5,2500
169.png,1250,200
16.png,40,3200
1700.png,1,125
1701.png,1000,2500
1702.png,100,200
1703.png,6,3200
1704.png,320,80
1705.png,13,2500
1706.png,40,125
1707.png,1,2500
1708.png,1000,400
1709.png,100,400
170.png,6,4000
1710.png,320,1600
1711.png,13,400
1712.png,25,4000
1713.png,800,1600
1714.png,3,6400
1715.png,125,80
1716.png,400,6400
1717.png,4,80
1718.png,1600,800
1719.png,30,125
171.png,1250,2500
1720.png,40,200
1721.png,1,3200
1722.png,13,125
1723.png,160,2500
1724.png,50,3200
1725.png,25,80
1726.png,800,2500
1727.png,3,125
1728.png,125,2500
1729.png,8,400
172.png,250,400
1730.png,80,4000
1731.png,15,1600
1732.png,500,400
1733.png,60,4000
1734.png,800,1600
1735.png,3,6400
1736.png,125,80
1737.png,400,125
1738.png,4,2500
1739.png,1600,200
173.png,30,3200
1740.png,1250,125
1741.png,40,2500
1742.png,1,3200
1743.png,13,80
1744.png,160,2500
1745.png,50,125
1746.png,25,2500
1747.png,800,400
1748.png,3,400
1749.png,125,4000
174.png,8,100
1750.png,250,5000
1751.png,80,500
1752.png,40,4000
1753.png,1,1600
1754.png,1000,6400
1755.png,100,80
1756.png,6,125
1757.png,320,2500
1758.png,13,200
1759.png,160,100
175.png,50,5000
1760.png,25,500
1761.png,800,1250
1762.png,3,80
1763.png,125,800
1764.png,8,125
1765.png,250,2500
1766.png,80,200
1767.png,25,1000
1768.png,800,3200
1769.png,3,5000
176.png,125,640
1770.png,400,400
1771.png,4,4000
1772.png,1600,1600
1773.png,30,6400
1774.png,1250,250
1775.png,40,160
1776.png,1,64
1777.png,13,320
1778.png,160,100
1779.png,50,5000
177.png,25,500
1780.png,800,1250
1781.png,3,80
1782.png,125,800
1783.png,8,125
1784.png,250,2500
1785.png,80,200
1786.png,15,1000
1787.png,500,3200
1788.png,60,80
1789.png,13,800
178.png,40,125
1790.png,1,2500
1791.png,1000,200
1792.png,100,1000
1793.png,6,3200
1794.png,320,5000
1795.png,13,640
1796.png,25,400
1797.png,800,4000
1798.png,3,1600
1799.png,125,6400
179.png,8,250
17.png,400,160
1800.png,4,80
1801.png,1600,800
1802.png,30,125
1803.png,20,2500
1804.png,4000,200
1805.png,25,1000
1806.png,800,3200
1807.png,3,80
1808.png,125,800
1809.png,400,125
180.png,4,2500
1810.png,1600,400
1811.png,30,4000
1812.png,1250,1600
1813.png,40,6400
1814.png,1,250
1815.png,13,160
1816.png,160,80
1817.png,50,800
1818.png,25,125
1819.png,80,2500
181.png,25,200
1820.png,800,3200
1821.png,3,80
1822.png,125,800
1823.png,400,125
1824.png,4,2500
1825.png,1600,400
1826.png,30,4000
1827.png,1250,1600
1828.png,40,6400
1829.png,1,80
182.png,13,800
1830.png,160,125
1831.png,50,2500
1832.png,25,200
1833.png,800,3200
1834.png,3,80
1835.png,125,800
1836.png,800,125
1837.png,3,2500
1838.png,125,125
1839.png,8,2500
183.png,400,400
1840.png,4,4000
1841.png,1600,1600
1842.png,30,6400
1843.png,20,80
1844.png,4000,800
1845.png,5,125
1846.png,1250,2500
1847.png,40,200
1848.png,60,3200
1849.png,13,80
184.png,40,800
1850.png,1,125
1851.png,1000,2500
1852.png,100,125
1853.png,6,2500
1854.png,320,400
1855.png,13,4000
1856.png,25,1600
1857.png,800,400
1858.png,3,4000
1859.png,125,1600
185.png,8,6400
1860.png,400,80
1861.png,4,800
1862.png,1600,125
1863.png,30,2500
1864.png,20,200
1865.png,4000,3200
1866.png,30,80
1867.png,1250,2500
1868.png,40,125
1869.png,1,2500
186.png,13,400
1870.png,160,4000
1871.png,50,1600
1872.png,25,400
1873.png,80,4000
1874.png,25,1600
1875.png,800,6400
1876.png,3,80
1877.png,125,6400
1878.png,400,80
1879.png,4,800
187.png,1600,125
1880.png,30,2500
1881.png,1250,200
1882.png,50,3200
1883.png,25,80
1884.png,800,2500
1885.png,3,125
1886.png,125,2500
1887.png,8,400
1888.png,250,4000
1889.png,80,400
188.png,15,4000
1890.png,500,1600
1891.png,60,400
1892.png,3200,4000
1893.png,1250,1600
1894.png,40,6400
1895.png,1,80
1896.png,1000,6400
1897.png,100,80
1898.png,6,800
1899.png,320,125
189.png,13,2500
18.png,25,200
1900.png,800,3200
1901.png,3,125
1902.png,125,2500
1903.png,8,200
1904.png,250,3200
1905.png,13,80
1906.png,40,2500
1907.png,1,125
1908.png,1000,2500
1909.png,100,400
190.png,6,4000
1910.png,320,400
1911.png,13,4000
1912.png,25,1600
1913.png,800,400
1914.png,3,4000
1915.png,125,1600
1916.png,8,6400
1917.png,400,80
1918.png,4,6400
1919.png,1600,80
191.png,30,800
1920.png,800,125
1921.png,3,2500
1922.png,125,200
1923.png,8,3200
1924.png,400,125
1925.png,4,2500
1926.png,1600,200
1927.png,30,3200
1928.png,20,80
1929.png,4000,2500
192.png,30,125
1930.png,1250,2500
1931.png,40,400
1932.png,1,400
1933.png,13,4000
1934.png,160,1600
1935.png,50,400
1936.png,25,4000
1937.png,80,1600
1938.png,25,6400
1939.png,800,80
193.png,3,6400
1940.png,4,80
1941.png,1600,800
1942.png,30,125
1943.png,1250,2500
1944.png,40,200
1945.png,1,3200
1946.png,13,125
1947.png,160,2500
1948.png,50,3200
1949.png,25,80
194.png,80,2500
1950.png,25,125
1951.png,800,2500
1952.png,3,400
1953.png,125,400
1954.png,400,4000
1955.png,4,1600
1956.png,1600,400
1957.png,30,4000
1958.png,1250,1600
1959.png,40,6400
195.png,1,80
1960.png,13,125
1961.png,160,2500
1962.png,50,200
1963.png,25,1000
1964.png,800,3200
1965.png,3,5000
1966.png,125,640
1967.png,800,400
1968.png,3,4000
1969.png,125,1600
196.png,8,6400
1970.png,400,250
1971.png,4,160
1972.png,1600,64
1973.png,30,320
1974.png,20,100
1975.png,4000,5000
1976.png,5,500
1977.png,1250,1250
1978.png,40,80
1979.png,60,800
197.png,13,125
1980.png,40,2500
1981.png,1,200
1982.png,1000,1000
1983.png,100,3200
1984.png,6,80
1985.png,320,800
1986.png,13,125
1987.png,25,2500
1988.png,800,200
1989.png,3,1000
198.png,125,3200
1990.png,8,5000
1991.png,400,640
1992.png,4,400
1993.png,1600,4000
1994.png,30,1600
1995.png,20,6400
1996.png,4000,250
1997.png,30,160
1998.png,1250,80
1999.png,2000,800
199.png,400,125
19.png,4,2500
1.png,1600,200
2000.png,30,1000
2001.png,20,3200
2002.png,4000,80
2003.png,5,800
2004.png,1250,125
2005.png,40,2500
2006.png,1,400
2007.png,1000,4000
2008.png,100,1600
2009.png,6,6400
200.JPG,320,250
2010.png,13,160
2011.png,160,80
2012.png,50,800
2013.png,25,125
2014.png,800,2500
2015.png,3,200
2016.png,125,3200
2017.png,8,80
2018.png,250,800
2019.png,80,125
201.png,15,2500
2020.png,500,400
2021.png,60,4000
2022.png,3200,1600
2023.png,1250,6400
2024.png,40,80
2025.png,1,800
2026.png,1000,125
2027.png,100,2500
2028.png,6,200
2029.png,320,3200
202.png,13,80
2030.png,25,800
2031.png,800,125
2032.png,3,2500
2033.png,125,125
2034.png,8,2500
2035.png,250,400
2036.png,80,4000
2037.png,200,1600
2038.png,2,6400
2039.png,2000,80
203.png,400,800
2040.png,4,125
2041.png,1600,2500
2042.png,30,200
2043.png,1250,3200
2044.png,40,80
2045.png,1,800
2046.png,1000,125
2047.png,100,2500
2048.png,6,125
2049.png,320,2500
204.png,13,400
2050.png,40,4000
2051.png,1,1600
2052.png,1000,400
2053.png,100,4000
2054.png,6,1600
2055.png,320,6400
2056.png,13,80
2057.png,25,800
2058.png,800,125
2059.png,3,2500
205.png,125,200
2060.png,8,3200
2061.png,400,80
2062.png,4,2500
2063.png,1600,125
2064.png,30,2500
2065.png,20,400
2066.png,4000,4000
2067.png,5,1600
2068.png,1250,400
2069.png,40,4000
206.png,1,1600
2070.png,1000,6400
2071.png,100,80
2072.png,6,6400
2073.png,320,80
2074.png,13,800
2075.png,40,125
2076.png,1,2500
2077.png,1000,200
2078.png,100,3200
2079.png,6,80
207.png,320,2500
2080.png,13,125
2081.png,25,2500
2082.png,800,400
2083.png,3,4000
2084.png,125,400
2085.png,400,4000
2086.png,4,1600
2087.png,1600,400
2088.png,30,4000
2089.png,1250,1600
208.png,40,6400
2090.png,1,80
2091.png,13,6400
2092.png,160,80
2093.png,50,800
2094.png,25,125
2095.png,800,2500
2096.png,3,200
2097.png,125,3200
2098.png,8,125
2099.png,250,2500
209.png,80,200
20.png,15,3200
2100.png,500,80
2101.png,60,2500
2102.png,800,125
2103.png,3,2500
2104.png,125,400
2105.png,400,4000
2106.png,4,400
2107.png,1600,4000
2108.png,30,1600
2109.png,1250,400
210.png,40,4000
2110.png,1,1600
2111.png,13,6400
2112.png,160,80
2113.png,50,6400
2114.png,25,80
2115.png,800,800
2116.png,3,125
2117.png,125,2500
2118.png,8,200
2119.png,250,3200
211.png,80,125
2120.png,40,2500
2121.png,1,200
2122.png,1000,3200
2123.png,100,80
2124.png,6,2500
2125.png,320,125
2126.png,13,2500
2127.png,160,400
2128.png,50,400
2129.png,25,4000
212.png,800,1600
2130.png,3,400
2131.png,125,4000
2132.png,8,1600
2133.png,250,6400
2134.png,80,80
2135.png,25,6400
2136.png,800,80
2137.png,3,800
2138.png,125,125
2139.png,400,2500
213.png,4,200
2140.png,1600,3200
2141.png,30,125
2142.png,1250,2500
2143.png,40,3200
2144.png,1,80
2145.png,13,2500
2146.png,160,125
2147.png,50,2500
2148.png,25,400
2149.png,800,400
214.png,3,4000
2150.png,125,1600
2151.png,8,400
2152.png,250,4000
2153.png,80,1600
2154.png,15,6400
2155.png,500,80
2156.png,60,125
2157.png,13,2500
2158.png,40,200
2159.png,1,3200
215.png,1000,125
2160.png,100,2500
2161.png,6,3200
2162.png,320,80
2163.png,13,2500
2164.png,25,125
2165.png,800,2500
2166.png,3,400
2167.png,125,400
2168.png,8,4000
2169.png,400,100
216.png,4,5000
2170.png,1600,500
2171.png,30,1250
2172.png,20,80
2173.png,4000,800
2174.png,25,125
2175.png,800,2500
2176.png,3,200
2177.png,125,1000
2178.png,400,3200
2179.png,4,5000
217.png,1600,640
2180.png,30,400
2181.png,1250,4000
2182.png,40,1600
2183.png,1,6400
2184.png,13,250
2185.png,160,160
2186.png,50,64
2187.png,25,320
2188.png,80,100
2189.png,25,5000
218.png,800,500
2190.png,3,1250
2191.png,125,80
2192.png,400,800
2193.png,4,125
2194.png,1600,2500
2195.png,30,200
2196.png,1250,1000
2197.png,40,3200
2198.png,1,80
2199.png,13,800
219.png,160,125
21.png,50,2500
2200.png,25,200
2201.png,800,1000
2202.png,3,3200
2203.png,125,5000
2204.png,640,640
2205.png,10,400
2206.png,200,4000
2207.png,2,1600
2208.png,2000,6400
2209.png,400,250
220.png,4,160
2210.png,1600,80
2211.png,30,800
2212.png,20,125
2213.png,4000,2500
2214.png,5,200
2215.png,1250,1000
2216.png,40,3200
2217.png,1,80
2218.png,1000,800
2219.png,100,125
221.png,6,2500
2220.png,320,400
2221.png,13,4000
2222.png,160,1600
2223.png,50,6400
2224.png,25,250
2225.png,800,160
2226.png,3,80
2227.png,125,800
2228.png,8,125
2229.png,250,2500
222.png,80,200
2230.png,15,3200
2231.png,500,80
2232.png,60,800
2233.png,3200,125
2234.png,1250,2500
2235.png,40,400
2236.png,1,4000
2237.png,1000,1600
2238.png,100,6400
2239.png,6,80
223.png,320,800
2240.png,13,125
2241.png,25,2500
2242.png,800,200
2243.png,3,3200
2244.png,125,80
2245.png,8,800
2246.png,250,125
2247.png,80,2500
2248.png,200,125
2249.png,2,2500
224.png,2000,400
2250.png,400,4000
2251.png,4,1600
2252.png,1600,6400
2253.png,30,80
2254.png,1250,800
2255.png,40,125
2256.png,1,2500
2257.png,1000,200
2258.png,100,3200
2259.png,6,80
225.png,320,800
2260.png,13,125
2261.png,40,2500
2262.png,1,125
2263.png,1000,2500
2264.png,100,400
2265.png,6,4000
2266.png,320,1600
2267.png,13,400
2268.png,25,4000
2269.png,800,1600
226.png,3,6400
2270.png,125,80
2271.png,8,800
2272.png,400,125
2273.png,4,2500
2274.png,1600,200
2275.png,30,3200
2276.png,20,80
2277.png,4000,2500
2278.png,5,125
2279.png,1250,2500
227.png,40,400
2280.png,1,4000
2281.png,1000,1600
2282.png,100,400
2283.png,6,4000
2284.png,320,1600
2285.png,13,6400
2286.png,40,80
2287.png,1,6400
2288.png,1000,80
2289.png,100,800
228.png,6,125
2290.png,320,2500
2291.png,13,200
2292.png,25,3200
2293.png,800,80
2294.png,3,2500
2295.png,125,125
2296.png,400,2500
2297.png,4,400
2298.png,1600,4000
2299.png,30,400
229.png,1250,4000
22.png,40,1600
2300.png,1,400
2301.png,13,4000
2302.png,160,1600
2303.png,50,6400
2304.png,25,80
2305.png,800,6400
2306.png,3,80
2307.png,125,800
2308.png,8,125
2309.png,250,2500
230.png,80,200
2310.png,15,3200
2311.png,500,125
2312.png,60,2500
2313.png,800,200
2314.png,3,3200
2315.png,125,80
2316.png,400,2500
2317.png,4,125
2318.png,1600,2500
2319.png,30,400
231.png,1250,4000
2320.png,40,400
2321.png,1,4000
2322.png,13,1600
2323.png,160,400
2324.png,50,4000
2325.png,25,1600
2326.png,800,6400
2327.png,3,80
2328.png,125,6400
2329.png,8,80
232.png,250,800
2330.png,80,125
2331.png,40,2500
2332.png,1,200
2333.png,1000,3200
2334.png,100,125
2335.png,6,2500
2336.png,320,200
2337.png,13,3200
2338.png,160,80
2339.png,50,2500
233.png,25,125
2340.png,800,2500
2341.png,3,400
2342.png,125,400
2343.png,8,4000
2344.png,250,1600
2345.png,80,400
2346.png,25,4000
2347.png,800,1600
2348.png,3,6400
2349.png,125,80
234.png,400,6400
2350.png,4,80
2351.png,1600,800
2352.png,30,125
2353.png,1250,2500
2354.png,40,200
2355.png,1,3200
2356.png,13,125
2357.png,160,2500
2358.png,50,3200
2359.png,25,80
235.png,800,2500
2360.png,3,125
2361.png,125,2500
2362.png,8,400
2363.png,250,400
2364.png,80,4000
2365.png,15,1600
2366.png,500,400
2367.png,60,4000
2368.png,13,1600
2369.png,40,6400
236.png,1,80
2370.png,1000,125
2371.png,100,2500
2372.png,6,200
2373.png,320,3200
2374.png,13,125
2375.png,25,2500
2376.png,800,3200
2377.png,3,80
2378.png,125,2500
2379.png,8,2500
237.png,400,3200
2380.png,4,80
2381.png,1600,2500
2382.png,30,125
2383.png,20,2500
2384.png,4000,400
2385.png,25,400
2386.png,800,4000
2387.png,3,1600
2388.png,125,400
2389.png,400,4000
238.png,4,1600
2390.png,1600,6400
2391.png,30,80
2392.png,1250,125
2393.png,40,2500
2394.png,1,200
2395.png,13,3200
2396.png,160,125
2397.png,50,125
2398.png,25,2500
2399.png,80,3200
239.png,25,80
23.png,800,2500
2400.png,3,2500
2401.png,125,3200
2402.png,400,80
2403.png,4,2500
2404.png,1600,125
2405.png,30,2500
2406.png,1250,400
2407.png,40,80
2408.png,1,125
2409.png,13,2500
240.png,160,200
2410.png,50,3200
2411.png,25,125
2412.png,800,125
2413.png,3,2500
2414.png,125,3200
2415.png,800,80
2416.png,3,2500
2417.png,125,2500
2418.png,8,200
2419.png,400,3200
241.png,4,80
2420.png,1600,2500
2421.png,30,125
2422.png,20,2500
2423.png,4000,400
2424.png,5,400
2425.png,1250,4000
2426.png,40,1600
2427.png,60,400
2428.png,13,4000
2429.png,40,1600
242.png,1,6400
2430.png,1000,80
2431.png,100,6400
2432.png,6,80
2433.png,320,800
2434.png,13,125
2435.png,25,2500
2436.png,800,200
2437.png,3,3200
2438.png,125,125
2439.png,8,2500
243.png,400,3200
2440.png,4,80
2441.png,1600,2500
2442.png,30,2500
2443.png,20,200
2444.png,4000,3200
2445.png,30,80
2446.png,1250,2500
2447.png,40,125
2448.png,1,2500
2449.png,13,400
244.png,160,400
2450.png,50,80
2451.png,25,6400
2452.png,80,80
2453.png,25,800
2454.png,800,125
2455.png,3,2500
2456.png,125,200
2457.png,400,3200
2458.png,4,125
2459.png,1600,2500
245.png,30,3200
2460.png,1250,80
2461.png,40,2500
2462.png,1,2500
2463.png,13,2500
2464.png,160,3200
2465.png,50,80
2466.png,25,2500
2467.png,800,2500
2468.png,3,3200
2469.png,125,80
246.png,800,2500
2470.png,3,125
2471.png,125,2500
2472.png,8,400
2473.png,400,400
2474.png,4,4000
2475.png,1600,1600
2476.png,30,400
2477.png,20,4000
2478.png,4000,1600
2479.png,5,6400
247.png,1250,80
2480.png,40,125
2481.png,60,2500
2482.png,13,200
2483.png,40,100
2484.png,1,5000
2485.png,1000,500
2486.png,100,1250
2487.png,6,80
2488.png,320,800
2489.png,13,125
248.png,25,2500
2490.png,800,200
2491.png,3,1000
2492.png,125,3200
2493.png,8,5000
2494.png,400,640
2495.png,4,400
2496.png,1600,4000
2497.png,30,1600
2498.png,20,6400
2499.png,4000,250
249.png,30,160
24.png,1250,64
2500.png,40,320
2501.png,1,100
2502.png,13,5000
2503.png,160,500
2504.png,50,1250
2505.png,25,80
2506.png,80,800
2507.png,25,125
2508.png,800,2500
2509.png,3,200
250.png,125,1000
2510.png,400,3200
2511.png,4,80
2512.png,250,800
2513.png,80,125
2514.png,40,2500
2515.png,1,200
2516.png,1000,1000
2517.png,100,3200
2518.png,6,5000
2519.png,320,640
251.png,13,400
2520.png,160,4000
2521.png,50,1600
2522.png,25,6400
2523.png,800,250
2524.png,3,160
2525.png,125,80
2526.png,8,800
2527.png,250,125
2528.png,80,2500
2529.png,25,200
252.png,800,1000
2530.png,3,3200
2531.png,125,80
2532.png,400,800
2533.png,4,125
2534.png,1600,2500
2535.png,30,400
2536.png,1250,4000
2537.png,40,1600
2538.png,1,6400
2539.png,13,250
253.png,160,160
2540.png,50,80
2541.png,25,800
2542.png,800,125
2543.png,3,2500
2544.png,125,200
2545.png,8,3200
2546.png,250,80
2547.png,80,800
2548.png,15,125
2549.png,500,2500
254.png,60,400
2550.png,13,4000
2551.png,40,1600
2552.png,1,6400
2553.png,1000,80
2554.png,100,800
2555.png,6,125
2556.png,320,2500
2557.png,13,200
2558.png,25,3200
2559.png,800,80
255.png,3,800
2560.png,125,125
2561.png,8,2500
2562.png,400,125
2563.png,4,2500
2564.png,1600,400
2565.png,30,4000
2566.png,20,1600
2567.png,4000,6400
2568.png,25,80
2569.png,800,800
256.png,3,125
2570.png,125,2500
2571.png,400,200
2572.png,1,3200
2573.png,1000,80
2574.png,100,800
2575.png,6,125
2576.png,320,2500
2577.png,13,125
2578.png,25,2500
2579.png,800,400
257.png,3,4000
2580.png,125,1600
2581.png,8,400
2582.png,400,4000
2583.png,4,1600
2584.png,1600,6400
2585.png,30,80
2586.png,20,800
2587.png,4000,125
2588.png,25,2500
2589.png,800,200
258.png,3,3200
2590.png,125,80
2591.png,400,2500
2592.png,4,125
2593.png,1600,2500
2594.png,30,400
2595.png,1250,4000
2596.png,40,1600
2597.png,1,400
2598.png,13,4000
2599.png,160,1600
259.png,50,6400
25.png,25,80
2600.png,80,6400
2601.png,25,80
2602.png,800,800
2603.png,3,125
2604.png,125,2500
2605.png,400,200
2606.png,4,3200
2607.png,1600,80
2608.png,30,2500
2609.png,1250,125
260.png,40,2500
2610.png,1,400
2611.png,13,4000
2612.png,160,400
2613.png,50,4000
2614.png,25,1600
2615.png,800,400
2616.png,3,4000
2617.png,125,1600
2618.png,640,6400
2619.png,10,80
261.png,200,6400
2620.png,2,80
2621.png,2000,800
2622.png,400,125
2623.png,4,2500
2624.png,1600,200
2625.png,30,3200
2626.png,20,125
2627.png,4000,2500
2628.png,5,200
2629.png,1250,3200
262.png,40,80
2630.png,1,2500
2631.png,1000,125
2632.png,100,2500
2633.png,6,400
2634.png,320,4000
2635.png,13,400
2636.png,160,4000
2637.png,50,1600
2638.png,25,400
2639.png,800,4000
263.png,3,1600
2640.png,125,6400
2641.png,8,80
2642.png,250,6400
2643.png,80,80
2644.png,15,800
2645.png,500,125
2646.png,60,2500
2647.png,3200,200
2648.png,1250,3200
2649.png,40,125
264.png,1,2500
2650.png,1000,200
2651.png,100,3200
2652.png,6,80
2653.png,320,2500
2654.png,13,125
2655.png,25,2500
2656.png,800,400
2657.png,3,400
2658.png,125,4000
2659.png,8,1600
265.png,250,400
2660.png,80,4000
2661.png,200,1600
2662.png,2,6400
2663.png,2000,80
2664.png,400,6400
2665.png,4,80
2666.png,1600,800
2667.png,30,125
2668.png,1250,2500
2669.png,40,200
266.png,1,3200
2670.png,1000,125
2671.png,100,2500
2672.png,6,3200
2673.png,320,80
2674.png,13,2500
2675.png,40,125
2676.png,1,2500
2677.png,1000,400
2678.png,100,400
2679.png,6,4000
267.png,320,1600
2680.png,13,400
2681.png,25,4000
2682.png,800,1600
2683.png,3,6400
2684.png,125,80
2685.png,8,125
2686.png,400,2500
2687.png,4,200
2688.png,1600,3200
2689.png,30,125
268.png,20,2500
2690.png,4000,3200
2691.png,5,80
2692.png,1250,2500
2693.png,40,125
2694.png,1,2500
2695.png,1000,400
2696.png,100,400
2697.png,6,4000
2698.png,320,100
2699.png,13,5000
269.png,40,500
26.png,1,4000
2700.png,1000,1600
2701.png,100,6400
2702.png,6,80
2703.png,320,125
2704.png,13,2500
2705.png,25,200
2706.png,800,100
2707.png,3,5000
2708.png,125,500
2709.png,400,1250
270.png,4,80
2710.png,1600,800
2711.png,30,125
2712.png,1250,2500
2713.png,40,200
2714.png,1,1000
2715.png,13,3200
2716.png,160,5000
2717.png,50,640
2718.png,25,400
2719.png,800,4000
271.png,3,1600
2720.png,125,6400
2721.png,8,250
2722.png,250,160
2723.png,80,64
2724.png,15,320
2725.png,500,100
2726.png,60,5000
2727.png,800,500
2728.png,3,1250
2729.png,125,80
272.png,400,800
2730.png,4,125
2731.png,1600,2500
2732.png,30,200
2733.png,1250,1000
2734.png,40,3200
2735.png,1,80
2736.png,13,800
2737.png,160,125
2738.png,50,2500
2739.png,25,200
273.png,800,1000
2740.png,3,3200
2741.png,125,5000
2742.png,8,640
2743.png,250,400
2744.png,80,4000
2745.png,40,1600
2746.png,1,6400
2747.png,1000,250
2748.png,100,160
2749.png,6,80
274.png,320,800
2750.png,13,125
2751.png,160,2500
2752.png,50,200
2753.png,25,1000
2754.png,800,3200
2755.png,3,80
2756.png,125,800
2757.png,8,125
2758.png,250,2500
2759.png,80,400
275.png,25,4000
2760.png,800,1600
2761.png,3,6400
2762.png,125,250
2763.png,400,160
2764.png,4,80
2765.png,1600,800
2766.png,30,125
2767.png,1250,2500
2768.png,40,200
2769.png,1,3200
276.png,13,80
2770.png,160,800
2771.png,50,125
2772.png,25,2500
2773.png,800,400
2774.png,3,4000
2775.png,125,1600
2776.png,8,6400
2777.png,250,80
2778.png,80,800
2779.png,15,125
277.png,500,2500
2780.png,60,200
2781.png,13,3200
2782.png,40,80
2783.png,1,800
2784.png,1000,125
2785.png,100,2500
2786.png,6,125
2787.png,320,2500
2788.png,13,400
2789.png,25,4000
278.png,800,1600
2790.png,3,6400
2791.png,125,80
2792.png,8,800
2793.png,400,125
2794.png,4,2500
2795.png,1600,200
2796.png,30,3200
2797.png,20,80
2798.png,4000,800
2799.png,25,125
279.png,800,2500
27.png,3,125
2800.png,125,2500
2801.png,400,400
2802.png,4,4000
2803.png,1600,1600
2804.png,30,400
2805.png,1250,4000
2806.png,40,1600
2807.png,1,6400
2808.png,13,80
2809.png,160,800
280.png,50,125
2810.png,25,2500
2811.png,80,200
2812.png,25,3200
2813.png,800,80
2814.png,3,2500
2815.png,125,125
2816.png,400,2500
2817.png,4,400
2818.png,1600,4000
2819.png,30,1600
281.png,1250,400
2820.png,40,4000
2821.png,1,1600
2822.png,13,6400
2823.png,160,80
2824.png,50,6400
2825.png,25,80
2826.png,800,800
2827.png,3,125
2828.png,125,2500
2829.png,800,200
282.png,3,3200
2830.png,125,80
2831.png,8,2500
2832.png,400,125
2833.png,4,2500
2834.png,1600,400
2835.png,30,4000
2836.png,20,400
2837.png,4000,4000
2838.png,5,1600
2839.png,1250,400
283.png,40,4000
2840.png,60,1600
2841.png,13,6400
2842.png,40,80
2843.png,1,6400
2844.png,1000,80
2845.png,100,800
2846.png,6,125
2847.png,320,2500
2848.png,13,200
2849.png,25,3200
284.png,800,125
2850.png,3,2500
2851.png,125,200
2852.png,8,3200
2853.png,400,80
2854.png,4,2500
2855.png,1600,125
2856.png,30,2500
2857.png,20,400
2858.png,4000,4000
2859.png,30,400
285.png,1250,4000
2860.png,40,1600
2861.png,1,400
2862.png,13,4000
2863.png,160,1600
2864.png,50,6400
2865.png,25,80
2866.png,80,6400
2867.png,25,80
2868.png,800,800
2869.png,3,125
286.png,125,2500
2870.png,400,200
2871.png,4,3200
2872.png,1600,125
2873.png,30,2500
2874.png,1250,200
2875.png,50,3200
2876.png,25,80
2877.png,800,2500
2878.png,3,125
2879.png,125,2500
287.png,8,400
2880.png,250,400
2881.png,80,4000
2882.png,15,1600
2883.png,500,400
2884.png,60,4000
2885.png,3200,1600
2886.png,1250,6400
2887.png,40,80
2888.png,1,800
2889.png,1000,125
288.png,100,2500
2890.png,6,200
2891.png,320,1000
2892.png,13,3200
2893.png,25,80
2894.png,800,800
2895.png,3,125
2896.png,125,2500
2897.png,8,400
2898.png,250,4000
2899.png,13,1600
289.png,40,6400
28.png,1,250
2900.png,1000,160
2901.png,100,80
2902.png,6,800
2903.png,320,125
2904.png,13,2500
2905.png,25,200
2906.png,800,3200
2907.png,3,2500
2908.png,125,400
2909.png,8,400
290.png,400,4000
2910.png,4,1600
2911.png,1600,400
2912.png,30,4000
2913.png,800,1600
2914.png,3,6400
2915.png,125,80
2916.png,8,800
2917.png,400,125
2918.png,4,2500
2919.png,1600,200
291.png,30,1000
2920.png,20,3200
2921.png,4000,80
2922.png,30,80
2923.png,1250,800
2924.png,40,125
2925.png,1,2500
2926.png,13,200
2927.png,160,3200
2928.png,50,2500
2929.png,25,400
292.png,80,400
2930.png,25,4000
2931.png,800,1600
2932.png,3,400
2933.png,4,4000
2934.png,1600,1600
2935.png,30,6400
2936.png,1250,800
2937.png,40,125
2938.png,1,2500
2939.png,13,200
293.png,160,1000
2940.png,50,3200
2941.png,25,80
2942.png,80,80
2943.png,25,800
2944.png,800,125
2945.png,3,2500
2946.png,125,200
2947.png,400,3200
2948.png,4,2500
2949.png,1600,400
294.png,30,400
2950.png,1250,2500
2951.png,40,400
2952.png,1,400
2953.png,13,4000
2954.png,160,1600
2955.png,50,400
2956.png,25,4000
2957.png,800,1600
2958.png,3,6400
2959.png,125,800
295.png,800,125
2960.png,3,2500
2961.png,125,200
2962.png,8,1000
2963.png,400,3200
2964.png,4,80
2965.png,1600,80
2966.png,30,800
2967.png,20,3200
2968.png,4000,80
2969.png,5,80
296.png,1250,800
2970.png,40,125
2971.png,60,2500
2972.png,13,200
2973.png,40,3200
2974.png,1,2500
2975.png,1000,400
2976.png,100,400
2977.png,6,2500
2978.png,320,400
2979.png,13,400
297.png,25,4000
2980.png,800,1600
2981.png,3,400
2982.png,125,4000
2983.png,8,1600
2984.png,400,6400
2985.png,4,1600
2986.png,1600,400
2987.png,800,4000
2988.png,3,1600
2989.png,125,6400
298.png,400,800
2990.png,4,125
2991.png,1600,2500
2992.png,30,200
2993.png,1250,1000
2994.png,40,3200
2995.png,1,80
2996.png,13,80
2997.png,160,800
2998.png,50,3200
2999.png,25,80
299.png,800,80
29.png,3,800
2.png,125,125
3000.png,8,2500
3001.png,250,200
3002.png,80,3200
3003.png,15,2500
3004.png,500,400
3005.png,60,200
3006.png,800,1000
3007.png,3,3200
3008.png,125,5000
3009.png,400,640
300.png,4,400
3010.png,1600,4000
3011.png,30,1600
3012.png,1250,6400
3013.png,40,250
3014.png,1,160
3015.png,13,64
3016.png,160,320
3017.png,50,100
3018.png,25,5000
3019.png,800,500
301.png,3,1250
3020.png,125,80
3021.png,8,800
3022.png,250,125
3023.png,80,2500
3024.png,40,200
3025.png,1,1000
3026.png,1000,3200
3027.png,100,80
3028.png,6,800
3029.png,320,4000
302.png,13,1600
3030.png,160,400
3031.png,50,4000
3032.png,25,1600
3033.png,800,6400
3034.png,3,80
3035.png,125,800
3036.png,8,125
3037.png,250,2500
3038.png,80,200
3039.png,25,3200
303.png,800,80
3040.png,3,2500
3041.png,125,125
3042.png,400,2500
3043.png,4,400
3044.png,1600,4000
3045.png,30,1600
3046.png,1250,400
3047.png,40,4000
3048.png,1,1600
3049.png,13,6400
304.png,160,80
3050.png,50,6400
3051.png,25,80
3052.png,800,800
3053.png,3,125
3054.png,125,2500
3055.png,8,200
3056.png,250,3200
3057.png,80,80
3058.png,15,2500
3059.png,500,125
305.png,60,2500
3060.png,13,400
3061.png,40,4000
3062.png,1,400
3063.png,1000,4000
3064.png,100,1600
3065.png,6,400
3066.png,320,4000
3067.png,13,1600
3068.png,25,6400
3069.png,800,80
306.png,3,6400
3070.png,125,80
3071.png,8,800
3072.png,400,125
3073.png,4,2500
3074.png,1600,200
3075.png,30,3200
3076.png,20,125
3077.png,4000,2500
3078.png,25,200
3079.png,800,3200
307.png,3,80
3080.png,125,2500
3081.png,400,125
3082.png,4,2500
3083.png,1600,400
3084.png,30,4000
3085.png,1250,400
3086.png,40,4000
3087.png,1,1600
3088.png,13,400
3089.png,160,4000
308.png,50,1600
3090.png,25,6400
3091.png,80,80
3092.png,25,6400
3093.png,800,80
3094.png,3,800
3095.png,125,125
3096.png,400,2500
3097.png,4,200
3098.png,1600,3200
3099.png,30,125
309.png,1250,2500
30.png,40,200
3100.png,1,3200
3101.png,13,80
3102.png,160,2500
3103.png,50,125
3104.png,25,2500
3105.png,800,400
3106.png,3,400
3107.png,125,4000
3108.png,800,1600
3109.png,3,400
310.png,125,4000
3110.png,8,1600
3111.png,400,6400
3112.png,4,80
3113.png,1600,6400
3114.png,30,80
3115.png,20,800
3116.png,4000,125
3117.png,5,2500
3118.png,1250,200
3119.png,40,3200
311.png,60,125
3120.png,13,2500
3121.png,40,3200
3122.png,1,80
3123.png,1000,2500
3124.png,100,125
3125.png,6,2500
3126.png,320,400
3127.png,13,400
3128.png,25,4000
3129.png,800,1600
312.png,3,400
3130.png,125,4000
3131.png,8,1600
3132.png,400,6400
3133.png,4,80
3134.png,1600,125
3135.png,30,2500
3136.png,20,200
3137.png,4000,3200
3138.png,30,125
3139.png,1250,2500
313.png,40,3200
3140.png,1,80
3141.png,13,2500
3142.png,160,2500
3143.png,50,3200
3144.png,25,80
3145.png,80,2500
3146.png,25,125
3147.png,800,2500
3148.png,3,400
3149.png,125,400
314.png,400,4000
3150.png,4,1600
3151.png,1600,400
3152.png,30,4000
3153.png,1250,1600
3154.png,40,6400
3155.png,1,80
3156.png,13,125
3157.png,160,2500
3158.png,50,200
3159.png,25,3200
315.png,800,125
3160.png,3,125
3161.png,125,2500
3162.png,800,3200
3163.png,3,80
3164.png,125,2500
3165.png,8,2500
3166.png,400,3200
3167.png,4,80
3168.png,1600,2500
3169.png,30,125
316.png,20,2500
3170.png,4000,400
3171.png,5,80
3172.png,1250,125
3173.png,40,2500
3174.png,60,200
3175.png,13,3200
3176.png,40,125
3177.png,1,125
3178.png,1000,2500
3179.png,100,3200
317.png,6,80
3180.png,320,2500
3181.png,13,2500
3182.png,25,200
3183.png,800,3200
3184.png,3,80
3185.png,125,2500
3186.png,8,125
3187.png,400,2500
3188.png,4,400
3189.png,1600,400
318.png,30,4000
3190.png,20,1600
3191.png,4000,400
3192.png,30,4000
3193.png,1250,1600
3194.png,40,6400
3195.png,1,80
3196.png,13,6400
3197.png,160,80
3198.png,50,800
3199.png,25,125
319.png,80,2500
31.png,25,200
3200.png,800,3200
3201.png,3,125
3202.png,125,2500
3203.png,400,3200
3204.png,4,80
3205.png,250,2500
3206.png,80,2500
3207.png,40,200
3208.png,1,3200
3209.png,1000,80
320.png,100,2500
3210.png,6,125
3211.png,320,2500
3212.png,13,400
3213.png,160,400
3214.png,50,80
3215.png,25,6400
3216.png,800,80
3217.png,3,800
3218.png,125,125
3219.png,8,2500
321.png,250,200
3220.png,80,3200
3221.png,25,125
3222.png,800,2500
3223.png,3,3200
3224.png,125,80
322.png,400,2500
323.png,4,2500
324.png,1600,2500
325.png,30,3200
326.png,1250,80
327.png,40,2500
328.png,1,2500
329.png,13,3200
32.png,160,80
330.png,50,2500
331.png,25,125
332.png,800,2500
333.png,3,400
334.png,125,400
335.png,8,4000
336.png,250,1600
337.png,80,400
338.png,15,4000
339.png,500,1600
33.png,60,6400
340.png,13,80
341.png,40,125
342.png,1,2500
343.png,1000,200
344.png,100,100
345.png,6,5000
346.png,320,500
347.png,13,1250
348.png,25,80
349.png,800,800
34.png,3,125
350.png,125,2500
351.png,8,200
352.png,400,1000
353.png,4,3200
354.png,1600,5000
355.png,30,640
356.png,20,400
357.png,4000,4000
358.png,25,1600
359.png,800,6400
35.png,3,250
360.png,125,160
361.png,400,64
362.png,1,320
363.png,1000,100
364.png,100,5000
365.png,6,500
366.png,320,1250
367.png,13,80
368.png,25,800
369.png,800,125
36.png,3,2500
370.png,125,200
371.png,8,1000
372.png,400,3200
373.png,4,80
374.png,1600,800
375.png,30,125
376.png,20,2500
377.png,4000,200
378.png,25,1000
379.png,800,3200
37.png,3,5000
380.png,125,640
381.png,400,400
382.png,4,4000
383.png,1600,1600
384.png,30,6400
385.png,1250,250
386.png,40,160
387.png,1,80
388.png,13,800
389.png,160,125
38.png,50,2500
390.png,25,200
391.png,80,1000
392.png,25,3200
393.png,800,80
394.png,3,800
395.png,125,125
396.png,400,2500
397.png,4,400
398.png,1600,4000
399.png,30,1600
39.png,1250,6400
3.png,40,250
400.png,1,160
401.png,13,80
402.png,160,800
403.png,50,125
404.png,25,2500
405.png,800,200
406.png,3,3200
407.png,125,80
408.png,640,800
409.png,10,125
40.png,200,2500
410.png,2,400
411.png,2000,4000
412.png,400,1600
413.png,4,6400
414.png,1600,80
415.png,30,800
416.png,20,125
417.png,4000,2500
418.png,5,200
419.png,1250,3200
41.png,40,80
420.png,1,800
421.png,1000,125
422.png,100,2500
423.png,6,125
424.png,320,2500
425.png,13,400
426.png,160,4000
427.png,50,1600
428.png,25,6400
429.png,800,80
42.png,3,800
430.png,125,125
431.png,8,2500
432.png,250,200
433.png,80,3200
434.png,15,80
435.png,500,800
436.png,60,125
437.png,3200,2500
438.png,1250,125
439.png,40,2500
43.png,1,400
440.png,1000,4000
441.png,100,1600
442.png,6,400
443.png,320,4000
444.png,13,1600
445.png,25,6400
446.png,800,80
447.png,3,800
448.png,125,125
449.png,8,2500
44.png,250,200
450.png,80,3200
451.png,200,80
452.png,2,2500
453.png,2000,125
454.png,400,2500
455.png,4,400
456.png,1600,4000
457.png,30,1600
458.png,1250,400
459.png,40,4000
45.png,1,1600
460.png,1000,6400
461.png,100,80
462.png,6,6400
463.png,320,80
464.png,13,800
465.png,40,125
466.png,1,2500
467.png,1000,200
468.png,100,3200
469.png,6,80
46.png,320,2500
470.png,13,125
471.png,25,2500
472.png,800,400
473.png,3,4000
474.png,125,400
475.png,8,4000
476.png,400,1600
477.png,4,400
478.png,1600,4000
479.png,30,1600
47.png,20,6400
480.png,4000,80
481.png,5,6400
482.png,1250,80
483.png,40,800
484.png,1,125
485.png,1000,2500
486.png,100,200
487.png,6,3200
488.png,320,125
489.png,13,2500
48.png,40,200
490.png,1,3200
491.png,1000,80
492.png,100,2500
493.png,6,125
494.png,320,2500
495.png,13,400
496.png,25,4000
497.png,800,400
498.png,3,4000
499.png,125,1600
49.png,400,400
4.png,4,4000
500.png,1600,1600
501.png,30,6400
502.png,1250,80
503.png,40,6400
504.png,1,80
505.png,13,800
506.png,160,125
507.png,50,2500
508.png,25,200
509.png,800,3200
50.png,3,125
510.png,125,2500
511.png,8,200
512.png,250,3200
513.png,80,80
514.png,15,2500
515.png,500,125
516.png,60,2500
517.png,800,400
518.png,3,400
519.png,125,4000
51.png,400,1600
520.png,4,400
521.png,1600,4000
522.png,30,1600
523.png,1250,6400
524.png,40,80
525.png,1,6400
526.png,13,80
527.png,160,800
528.png,50,125
529.png,25,2500
52.png,800,200
530.png,3,3200
531.png,125,125
532.png,8,2500
533.png,250,3200
534.png,80,80
535.png,40,2500
536.png,1,125
537.png,1000,2500
538.png,100,400
539.png,6,400
53.png,320,4000
540.png,13,1600
541.png,160,400
542.png,50,4000
543.png,25,1600
544.png,800,6400
545.png,3,80
546.png,125,125
547.png,8,2500
548.png,250,200
549.png,80,3200
54.png,25,125
550.png,800,2500
551.png,3,3200
552.png,125,80
553.png,400,2500
554.png,4,125
555.png,1600,2500
556.png,30,400
557.png,1250,400
558.png,40,4000
559.png,1,100
55.png,13,5000
560.png,160,500
561.png,50,4000
562.png,25,1600
563.png,800,6400
564.png,3,80
565.png,125,125
566.png,8,2500
567.png,250,200
568.png,80,100
569.png,15,5000
56.png,500,500
570.png,60,1250
571.png,13,80
572.png,40,800
573.png,1,125
574.png,1000,2500
575.png,100,200
576.png,6,1000
577.png,320,3200
578.png,13,5000
579.png,25,640
57.png,800,400
580.png,3,4000
581.png,125,1600
582.png,8,6400
583.png,400,250
584.png,4,160
585.png,1600,64
586.png,30,320
587.png,20,100
588.png,4000,5000
589.png,25,500
58.png,800,1250
590.png,3,80
591.png,125,800
592.png,400,125
593.png,4,2500
594.png,1600,200
595.png,30,1000
596.png,1250,3200
597.png,40,80
598.png,1,800
599.png,13,125
59.png,160,2500
5.png,50,200
600.png,25,1000
601.png,80,3200
602.png,25,5000
603.png,800,640
604.png,3,400
605.png,125,4000
606.png,400,1600
607.png,4,6400
608.png,1600,250
609.png,30,160
60.png,1250,80
610.png,40,800
611.png,1,125
612.png,13,2500
613.png,160,200
614.png,50,1000
615.png,25,3200
616.png,800,80
617.png,3,800
618.png,125,125
619.png,800,2500
61.png,3,400
620.png,125,4000
621.png,8,1600
622.png,400,6400
623.png,4,250
624.png,1600,160
625.png,30,80
626.png,20,800
627.png,4000,125
628.png,5,2500
629.png,1250,200
62.png,40,3200
630.png,60,80
631.png,13,800
632.png,40,125
633.png,1,2500
634.png,1000,400
635.png,100,4000
636.png,6,1600
637.png,320,6400
638.png,13,80
639.png,25,800
63.png,800,125
640.png,3,2500
641.png,125,200
642.png,8,3200
643.png,400,80
644.png,4,800
645.png,1600,125
646.png,30,2500
647.png,20,125
648.png,4000,2500
649.png,30,400
64.png,1250,4000
650.png,40,1600
651.png,1,6400
652.png,13,80
653.png,160,800
654.png,50,125
655.png,25,2500
656.png,80,200
657.png,25,3200
658.png,800,80
659.png,3,800
65.png,125,125
660.png,400,2500
661.png,4,125
662.png,1600,2500
663.png,30,400
664.png,1250,4000
665.png,50,1600
666.png,25,400
667.png,800,4000
668.png,3,1600
669.png,125,6400
66.png,8,80
670.png,250,800
671.png,80,125
672.png,15,2500
673.png,500,200
674.png,60,3200
675.png,3200,80
676.png,1250,2500
677.png,40,125
678.png,1,2500
679.png,1000,400
67.png,100,4000
680.png,6,1600
681.png,320,400
682.png,13,4000
683.png,25,1600
684.png,800,6400
685.png,3,80
686.png,125,6400
687.png,8,80
688.png,250,800
689.png,13,125
68.png,40,2500
690.png,1,200
691.png,1000,3200
692.png,100,80
693.png,6,2500
694.png,320,125
695.png,13,2500
696.png,25,400
697.png,800,4000
698.png,3,400
699.png,125,4000
69.png,8,1600
6.png,400,400
700.png,4,4000
701.png,1600,1600
702.png,30,6400
703.png,800,80
704.png,3,6400
705.png,125,80
706.png,8,800
707.png,400,125
708.png,4,2500
709.png,1600,200
70.png,30,3200
710.png,20,125
711.png,4000,2500
712.png,30,200
713.png,1250,3200
714.png,40,80
715.png,1,2500
716.png,13,125
717.png,160,2500
718.png,50,400
719.png,25,4000
71.png,80,400
720.png,25,4000
721.png,800,1600
722.png,3,400
723.png,4,4000
724.png,1600,1600
725.png,30,6400
726.png,1250,80
727.png,40,6400
728.png,1,80
729.png,13,800
72.png,160,125
730.png,50,2500
731.png,25,200
732.png,80,3200
733.png,25,125
734.png,800,2500
735.png,3,200
736.png,125,3200
737.png,400,80
738.png,4,2500
739.png,1600,125
73.png,30,2500
740.png,1250,400
741.png,40,400
742.png,1,4000
743.png,13,1600
744.png,160,400
745.png,50,4000
746.png,25,1600
747.png,800,6400
748.png,3,80
749.png,125,6400
74.png,800,80
750.png,3,800
751.png,125,125
752.png,8,2500
753.png,400,200
754.png,4,3200
755.png,1600,125
756.png,30,2500
757.png,20,3200
758.png,4000,80
759.png,5,2500
75.png,1250,125
760.png,40,2500
761.png,60,400
762.png,13,400
763.png,40,4000
764.png,1,1600
765.png,1000,400
766.png,100,4000
767.png,6,1600
768.png,320,6400
769.png,13,80
76.png,25,125
770.png,800,2500
771.png,3,200
772.png,125,1000
773.png,8,3200
774.png,400,5000
775.png,4,640
776.png,1600,400
777.png,30,4000
778.png,20,1600
779.png,4000,6400
77.png,30,250
780.png,1250,160
781.png,2000,64
782.png,400,320
783.png,4,100
784.png,1600,5000
785.png,30,500
786.png,20,1250
787.png,4000,80
788.png,5,800
789.png,1250,125
78.png,40,2500
790.png,1,200
791.png,1000,1000
792.png,100,3200
793.png,6,80
794.png,320,800
795.png,13,125
796.png,160,2500
797.png,50,200
798.png,25,1000
799.png,800,3200
79.png,3,5000
7.png,125,640
800.png,8,400
801.png,250,4000
802.png,80,1600
803.png,15,6400
804.png,500,250
805.png,60,160
806.png,3200,80
807.png,1250,800
808.png,40,125
809.png,1,2500
80.png,1000,200
810.png,100,1000
811.png,6,3200
812.png,320,80
813.png,13,800
814.png,25,125
815.png,800,2500
816.png,3,400
817.png,125,4000
818.png,8,1600
819.png,250,6400
81.png,80,250
820.png,200,160
821.png,2,80
822.png,2000,800
823.png,400,125
824.png,4,2500
825.png,1600,200
826.png,30,3200
827.png,1250,80
828.png,40,800
829.png,1,125
82.png,1000,2500
830.png,100,400
831.png,6,4000
832.png,320,1600
833.png,13,6400
834.png,40,80
835.png,1,800
836.png,1000,125
837.png,100,2500
838.png,6,200
839.png,320,3200
83.png,13,80
840.png,25,800
841.png,800,125
842.png,3,2500
843.png,125,125
844.png,8,2500
845.png,400,400
846.png,4,4000
847.png,1600,1600
848.png,30,6400
849.png,20,80
84.png,4000,800
850.png,5,125
851.png,1250,2500
852.png,40,200
853.png,1,3200
854.png,1000,80
855.png,100,800
856.png,6,125
857.png,320,2500
858.png,13,125
859.png,40,2500
85.png,1,400
860.png,1000,4000
861.png,100,1600
862.png,6,400
863.png,320,4000
864.png,13,1600
865.png,25,6400
866.png,800,80
867.png,3,800
868.png,125,125
869.png,400,2500
86.png,4,200
870.png,1600,3200
871.png,30,80
872.png,1250,2500
873.png,40,125
874.png,1,2500
875.png,13,400
876.png,160,4000
877.png,50,1600
878.png,25,400
879.png,800,4000
87.png,3,1600
880.png,125,6400
881.png,8,80
882.png,250,6400
883.png,80,80
884.png,15,800
885.png,500,125
886.png,60,2500
887.png,800,200
888.png,3,3200
889.png,125,80
88.png,400,2500
890.png,4,125
891.png,1600,2500
892.png,30,400
893.png,1250,4000
894.png,40,400
895.png,1,4000
896.png,13,1600
897.png,160,400
898.png,50,4000
899.png,25,1600
89.png,800,6400
8.png,3,80
900.png,125,6400
901.png,8,80
902.png,250,800
903.png,80,125
904.png,40,2500
905.png,1,200
906.png,1000,3200
907.png,100,125
908.png,6,2500
909.png,320,200
90.png,13,3200
910.png,160,80
911.png,50,2500
912.png,25,125
913.png,800,2500
914.png,3,400
915.png,125,4000
916.png,8,400
917.png,250,4000
918.png,80,1600
919.png,25,400
91.png,800,4000
920.png,3,1600
921.png,125,6400
922.png,400,80
923.png,4,6400
924.png,1600,80
925.png,30,800
926.png,1250,125
927.png,40,2500
928.png,1,200
929.png,13,3200
92.png,160,125
930.png,50,2500
931.png,25,200
932.png,800,3200
933.png,3,80
934.png,125,2500
935.png,8,125
936.png,250,2500
937.png,80,400
938.png,15,400
939.png,500,4000
93.png,60,1600
940.png,13,400
941.png,40,4000
942.png,1,1600
943.png,1000,6400
944.png,100,80
945.png,6,6400
946.png,320,80
947.png,13,800
948.png,25,125
949.png,800,2500
94.png,3,200
950.png,125,3200
951.png,8,125
952.png,400,2500
953.png,4,3200
954.png,1600,80
955.png,30,2500
956.png,20,125
957.png,4000,2500
958.png,25,400
959.png,800,400
95.png,3,4000
960.png,125,1600
961.png,400,400
962.png,4,4000
963.png,1600,1600
964.png,30,6400
965.png,1250,80
966.png,40,125
967.png,1,2500
968.png,13,200
969.png,160,3200
96.png,50,125
970.png,25,2500
971.png,80,3200
972.png,25,80
973.png,800,2500
974.png,3,125
975.png,125,2500
976.png,400,400
977.png,4,400
978.png,1600,4000
979.png,30,100
97.png,1250,5000
980.png,40,500
981.png,1,1250
982.png,13,80
983.png,160,800
984.png,50,125
985.png,25,2500
986.png,800,200
987.png,3,1000
988.png,125,3200
989.png,640,5000
98.png,10,640
990.png,200,400
991.png,2,4000
992.png,2000,1600
993.png,400,6400
994.png,4,250
995.png,1600,160
996.png,30,64
997.png,20,320
998.png,4000,100
999.png,5,5000
99.png,1250,500
9.png,40,1250
